"","ID","Description","GeneRatio","BgRatio","pvalue","p.adjust","qvalue","geneID","Count","direction","comparison"
"GO:0007272","GO:0007272","ensheathment of neurons",0.159420289855072,0.00671489391159877,1.22217017519277e-12,7.62634189320291e-10,6.07225602832621e-10,"Mal/Cldn11/Plp1/Fa2h/Pmp22/Bcas1/Tmem98/S100b/Cd9/Tspan2/Clu",11,"Up","Control - Stress"
"GO:0008366","GO:0008366","axon ensheathment",0.159420289855072,0.00671489391159877,1.22217017519277e-12,7.62634189320291e-10,6.07225602832621e-10,"Mal/Cldn11/Plp1/Fa2h/Pmp22/Bcas1/Tmem98/S100b/Cd9/Tspan2/Clu",11,"Up","Control - Stress"
"GO:0042552","GO:0042552","myelination",0.144927536231884,0.00661105534595549,3.05149866004654e-11,1.26942344257936e-08,1.01074201231015e-08,"Mal/Plp1/Fa2h/Pmp22/Bcas1/Tmem98/S100b/Cd9/Tspan2/Clu",10,"Up","Control - Stress"
"GO:0042063","GO:0042063","gliogenesis",0.144927536231884,0.0137413035201274,3.54393171210252e-08,8.8456535534079e-06,7.04309797099954e-06,"Gjc2/Mal/Plp1/Fa2h/Pmp22/Tmem98/Cd9/Tspan2/Opalin/Clu",10,"Up","Control - Stress"
"GO:0010001","GO:0010001","glial cell differentiation",0.115942028985507,0.0101069537226126,4.84923787730799e-07,0.000100864147848006,8.03101851961184e-05,"Mal/Plp1/Fa2h/Pmp22/Tmem98/Tspan2/Opalin/Clu",8,"Up","Control - Stress"
"GO:0048709","GO:0048709","oligodendrocyte differentiation",0.101449275362319,0.00425738119137448,1.84966283636374e-08,5.77094804945488e-06,4.59495188822993e-06,"Mal/Plp1/Fa2h/Tmem98/Tspan2/Opalin/Clu",7,"Up","Control - Stress"
"GO:0031647","GO:0031647","regulation of protein stability",0.101449275362319,0.0109376622477588,1.05788295632774e-05,0.00120021629954275,0.000955637809352525,"Golga7/Dazap2/Pex2/Casp3/Atp1b3/Mdm2/Clu",7,"Up","Control - Stress"
"GO:0021782","GO:0021782","glial cell development",0.0869565217391304,0.0048111868748053,1.0398317852904e-06,0.000144190007560269,0.000114807158516274,"Mal/Plp1/Fa2h/Pmp22/Tspan2/Clu",6,"Up","Control - Stress"
"GO:0072330","GO:0072330","monocarboxylic acid biosynthetic process",0.0869565217391304,0.00785711813367485,1.74666900205658e-05,0.00181653576213884,0.00144636450696615,"Abhd3/Plp1/Fa2h/Gatm/Pex2/Acsbg1",6,"Up","Control - Stress"
"GO:0046394","GO:0046394","carboxylic acid biosynthetic process",0.0869565217391304,0.011110726523831,0.000119521788555564,0.0112081676160105,0.00892418204243754,"Abhd3/Plp1/Fa2h/Gatm/Pex2/Acsbg1",6,"Up","Control - Stress"
"GO:0016053","GO:0016053","organic acid biosynthetic process",0.0869565217391304,0.0112145650894742,0.00012573264953858,0.0112081676160105,0.00892418204243754,"Abhd3/Plp1/Fa2h/Gatm/Pex2/Acsbg1",6,"Up","Control - Stress"
"GO:2001233","GO:2001233","regulation of apoptotic signaling pathway",0.0869565217391304,0.0151258177287044,0.000620741220451555,0.0430380579513078,0.0342678194214192,"Tmbim1/Mal/Pmp22/Septin4/Mdm2/Clu",6,"Up","Control - Stress"
"GO:0034329","GO:0034329","cell junction assembly",0.0869565217391304,0.0166487833581392,0.00102028707044451,0.054016453721503,0.0430090522208998,"Gjb6/Apod/Cldn11/Pmp22/Sdc4/Cd9",6,"Up","Control - Stress"
"GO:0044282","GO:0044282","small molecule catabolic process",0.072463768115942,0.0122183378906926,0.00156868985449856,0.0641353851735331,0.0510659612042976,"Abhd3/Aldh6a1/Qdpr/Pex2/Glo1",5,"Up","Control - Stress"
"GO:1902903","GO:1902903","regulation of supramolecular fiber organization",0.072463768115942,0.0136028520992697,0.00250102686160033,0.0748336896005878,0.0595841793041118,"Cdc42ep2/Slain1/Sdc4/Tmeff2/Clu",5,"Up","Control - Stress"
"GO:1990778","GO:1990778","protein localization to cell periphery",0.072463768115942,0.0138451420857707,0.00269833015386735,0.0748336896005878,0.0595841793041118,"Tmbim1/Mal/Nherf2/Golga7/Atp1b3",5,"Up","Control - Stress"
"GO:0043161","GO:0043161","proteasome-mediated ubiquitin-dependent protein catabolic process",0.072463768115942,0.0156103977017064,0.00449242873027419,0.103825019544115,0.0826676943738564,"Pmp22/Ube2g1/Mdm2/Clu/Fbxw5",5,"Up","Control - Stress"
"GO:0006631","GO:0006631","fatty acid metabolic process",0.072463768115942,0.0160257519642795,0.00501477896792177,0.109797265823971,0.0874229242053214,"Abhd3/Plp1/Fa2h/Pex2/Acsbg1",5,"Up","Control - Stress"
"GO:0007015","GO:0007015","actin filament organization",0.072463768115942,0.0163026548059949,0.00538615458802685,0.111227512898016,0.0885617174221723,"Cdc42ep2/Ermn/Sdc4/Tmeff2/Cnn3",5,"Up","Control - Stress"
"GO:0022010","GO:0022010","central nervous system myelination",0.0579710144927536,0.0010383856564328,7.78957359156589e-07,0.000121517348028428,9.67547035583974e-05,"Mal/Plp1/Fa2h/Clu",4,"Up","Control - Stress"
"GO:0032291","GO:0032291","axon ensheathment in central nervous system",0.0579710144927536,0.0010383856564328,7.78957359156589e-07,0.000121517348028428,9.67547035583974e-05,"Mal/Plp1/Fa2h/Clu",4,"Up","Control - Stress"
"GO:0014003","GO:0014003","oligodendrocyte development",0.0579710144927536,0.00169602990550691,5.81999863291246e-06,0.000726335829387475,0.000578324074680985,"Mal/Plp1/Fa2h/Clu",4,"Up","Control - Stress"
"GO:0006633","GO:0006633","fatty acid biosynthetic process",0.0579710144927536,0.00557266968952269,0.000605924727055918,0.0430380579513078,0.0342678194214192,"Abhd3/Plp1/Fa2h/Acsbg1",4,"Up","Control - Stress"
"GO:0007043","GO:0007043","cell-cell junction assembly",0.0579710144927536,0.00581495967602368,0.000710562604818983,0.0453329071912942,0.0360950273183044,"Gjb6/Cldn11/Pmp22/Cd9",4,"Up","Control - Stress"
"GO:0007009","GO:0007009","plasma membrane organization",0.0579710144927536,0.0058495725312381,0.000726488897296382,0.0453329071912942,0.0360950273183044,"Fa2h/Tmeff2/Cd9/Clu",4,"Up","Control - Stress"
"GO:0000302","GO:0000302","response to reactive oxygen species",0.0579710144927536,0.00674950676681319,0.00123520383791285,0.0616613755886094,0.0490961020206202,"Apod/Prdx6/Pex2/Casp3",4,"Up","Control - Stress"
"GO:0030258","GO:0030258","lipid modification",0.0579710144927536,0.00719947388460074,0.00156540543621729,0.0641353851735331,0.0510659612042976,"Apod/Fa2h/Pex2/St3gal4",4,"Up","Control - Stress"
"GO:0034767","GO:0034767","positive regulation of monoatomic ion transmembrane transport",0.0579710144927536,0.00723408673981517,0.00159310652274,0.0641353851735331,0.0510659612042976,"Gjc2/Plp1/Nherf2/Atp1b3",4,"Up","Control - Stress"
"GO:0031032","GO:0031032","actomyosin structure organization",0.0579710144927536,0.00754560243674501,0.00185796688228651,0.0676916987817459,0.0538975739287855,"Csrp1/Sdc4/Tmeff2/Cnn3",4,"Up","Control - Stress"
"GO:0045216","GO:0045216","cell-cell junction organization",0.0579710144927536,0.00799556955453255,0.00229234928787531,0.0748336896005878,0.0595841793041118,"Gjb6/Cldn11/Pmp22/Cd9",4,"Up","Control - Stress"
"GO:0016054","GO:0016054","organic acid catabolic process",0.0579710144927536,0.00834169810667682,0.00267079879674569,0.0748336896005878,0.0595841793041118,"Abhd3/Aldh6a1/Qdpr/Pex2",4,"Up","Control - Stress"
"GO:0046395","GO:0046395","carboxylic acid catabolic process",0.0579710144927536,0.00834169810667682,0.00267079879674569,0.0748336896005878,0.0595841793041118,"Abhd3/Aldh6a1/Qdpr/Pex2",4,"Up","Control - Stress"
"GO:0002685","GO:0002685","regulation of leukocyte migration",0.0579710144927536,0.00861860094839223,0.00300288132718025,0.0814694760069771,0.0648677339326808,"Apod/Rarres2/Cd9/St3gal4",4,"Up","Control - Stress"
"GO:0043270","GO:0043270","positive regulation of monoatomic ion transport",0.0579710144927536,0.00958776089439618,0.00438640918296507,0.103287521893215,0.0822397272833968,"Gjc2/Plp1/Nherf2/Atp1b3",4,"Up","Control - Stress"
"GO:0034764","GO:0034764","positive regulation of transmembrane transport",0.0579710144927536,0.00976082517046831,0.00467194815689683,0.106010750905586,0.0844080202891982,"Gjc2/Plp1/Nherf2/Atp1b3",4,"Up","Control - Stress"
"GO:0007162","GO:0007162","negative regulation of cell adhesion",0.0579710144927536,0.0109030493925444,0.00687533455479849,0.124823377410696,0.0993870346454937,"Apod/Sdc4/Cd9/Casp3",4,"Up","Control - Stress"
"GO:0072659","GO:0072659","protein localization to plasma membrane",0.0579710144927536,0.0109030493925444,0.00687533455479849,0.124823377410696,0.0993870346454937,"Tmbim1/Nherf2/Golga7/Atp1b3",4,"Up","Control - Stress"
"GO:0097193","GO:0097193","intrinsic apoptotic signaling pathway",0.0579710144927536,0.0113184036551175,0.00782195186714076,0.137490083523826,0.109472536139079,"Septin4/Casp3/Mdm2/Clu",4,"Up","Control - Stress"
"GO:0016042","GO:0016042","lipid catabolic process",0.0579710144927536,0.0119414350489772,0.00939684023981287,0.148446286320082,0.118196098419498,"Abhd3/Rarres2/Prdx6/Pex2",4,"Up","Control - Stress"
"GO:0045861","GO:0045861","negative regulation of proteolysis",0.0579710144927536,0.0125298535876224,0.0110622187620265,0.156212949828518,0.124380081509886,"Tmem98/Pebp1/Timp4/Mdm2",4,"Up","Control - Stress"
"GO:0042060","GO:0042060","wound healing",0.0579710144927536,0.0128067564293379,0.011907838591891,0.156212949828518,0.124380081509886,"Sdc4/Tmeff2/Cd9/St3gal4",4,"Up","Control - Stress"
"GO:0050890","GO:0050890","cognition",0.0579710144927536,0.0128413692845523,0.0120163807560398,0.156212949828518,0.124380081509886,"S100b/Gatm/Casp3/St3gal4",4,"Up","Control - Stress"
"GO:0031648","GO:0031648","protein destabilization",0.0434782608695652,0.00197293274722232,0.000347807129667043,0.0289375531882979,0.0230406968705746,"Dazap2/Pex2/Mdm2",3,"Up","Control - Stress"
"GO:0010927","GO:0010927","cellular component assembly involved in morphogenesis",0.0434782608695652,0.0046727354539476,0.00417435973754678,0.102149038283498,0.0813332423579806,"Csrp1/Pmp22/Cd9",3,"Up","Control - Stress"
"GO:0009636","GO:0009636","response to toxic substance",0.0434782608695652,0.00470734830916202,0.00426129151165315,0.102270996279676,0.0814303479149913,"Gjc2/Pon2/Prdx6",3,"Up","Control - Stress"
"GO:0008360","GO:0008360","regulation of cell shape",0.0434782608695652,0.00491502544044858,0.00480601775705804,0.107105538585865,0.0852797135838871,"Cdc42ep2/Ermn/S100b",3,"Up","Control - Stress"
"GO:1904064","GO:1904064","positive regulation of cation transmembrane transport",0.0434782608695652,0.00609186251773909,0.00867533301087097,0.146598836584688,0.116725119547862,"Gjc2/Plp1/Atp1b3",3,"Up","Control - Stress"
"GO:2001235","GO:2001235","positive regulation of apoptotic signaling pathway",0.0434782608695652,0.00612647537295351,0.00881002623706058,0.146598836584688,0.116725119547862,"Mal/Septin4/Clu",3,"Up","Control - Stress"
"GO:1902905","GO:1902905","positive regulation of supramolecular fiber organization",0.0434782608695652,0.00633415250424008,0.00964401695585253,0.1504466645113,0.119788842188484,"Cdc42ep2/Slain1/Sdc4",3,"Up","Control - Stress"
"GO:2001242","GO:2001242","regulation of intrinsic apoptotic signaling pathway",0.0434782608695652,0.00671489391159877,0.0112892235764021,0.156212949828518,0.124380081509886,"Septin4/Mdm2/Clu",3,"Up","Control - Stress"
"GO:0051495","GO:0051495","positive regulation of cytoskeleton organization",0.0434782608695652,0.00674950676681319,0.011446317634816,0.156212949828518,0.124380081509886,"Cdc42ep2/Slain1/Sdc4",3,"Up","Control - Stress"
"GO:0050821","GO:0050821","protein stabilization",0.0434782608695652,0.00699179675331418,0.0125814289849073,0.158602256294588,0.126282498264247,"Golga7/Atp1b3/Clu",3,"Up","Control - Stress"
"GO:0032060","GO:0032060","bleb assembly",0.0289855072463768,0.000449967117787546,0.000431078799620003,0.0336241463703602,0.0267722622921897,"Pmp22/Prdx6",2,"Up","Control - Stress"
"GO:0043217","GO:0043217","myelin maintenance",0.0289855072463768,0.000623031393859679,0.000839075087203096,0.049865033753784,0.0397036031237956,"Fa2h/Clu",2,"Up","Control - Stress"
"GO:0034349","GO:0034349","glial cell apoptotic process",0.0289855072463768,0.000692257104288533,0.00103877795618275,0.054016453721503,0.0430090522208998,"Pmp22/Casp3",2,"Up","Control - Stress"
"GO:1902004","GO:1902004","positive regulation of amyloid-beta formation",0.0289855072463768,0.000692257104288533,0.00103877795618275,0.054016453721503,0.0430090522208998,"Casp3/Clu",2,"Up","Control - Stress"
"GO:0031579","GO:0031579","membrane raft organization",0.0289855072463768,0.000796095669931813,0.00137682926949614,0.0636401084567104,0.0506716113218072,"Fa2h/Pmp22",2,"Up","Control - Stress"
"GO:0072529","GO:0072529","pyrimidine-containing compound catabolic process",0.0289855072463768,0.000796095669931813,0.00137682926949614,0.0636401084567104,0.0506716113218072,"Dut/Aldh6a1",2,"Up","Control - Stress"
"GO:0042759","GO:0042759","long-chain fatty acid biosynthetic process",0.0289855072463768,0.000830708525146239,0.00149968147445017,0.0641353851735331,0.0510659612042976,"Plp1/Acsbg1",2,"Up","Control - Stress"
"GO:0032288","GO:0032288","myelin assembly",0.0289855072463768,0.000899934235575093,0.00176049339099536,0.0665786591503698,0.0530113480414551,"Pmp22/Cd9",2,"Up","Control - Stress"
"GO:1902993","GO:1902993","positive regulation of amyloid precursor protein catabolic process",0.0289855072463768,0.000899934235575093,0.00176049339099536,0.0665786591503698,0.0530113480414551,"Casp3/Clu",2,"Up","Control - Stress"
"GO:0070841","GO:0070841","inclusion body assembly",0.0289855072463768,0.000934547090789519,0.00189840501391114,0.0676916987817459,0.0538975739287855,"Pmp22/Clu",2,"Up","Control - Stress"
"GO:0010955","GO:0010955","negative regulation of protein processing",0.0289855072463768,0.00100377280121837,0.0021891199911614,0.0738384256478224,0.0587917289233674,"Tmem98/Mdm2",2,"Up","Control - Stress"
"GO:1903318","GO:1903318","negative regulation of protein maturation",0.0289855072463768,0.00100377280121837,0.0021891199911614,0.0738384256478224,0.0587917289233674,"Tmem98/Mdm2",2,"Up","Control - Stress"
"GO:1990000","GO:1990000","amyloid fibril formation",0.0289855072463768,0.0010383856564328,0.00234187575482371,0.0748336896005878,0.0595841793041118,"Mdm2/Clu",2,"Up","Control - Stress"
"GO:0022011","GO:0022011","myelination in peripheral nervous system",0.0289855072463768,0.00110761136686165,0.00266206547373241,0.0748336896005878,0.0595841793041118,"Fa2h/Pmp22",2,"Up","Control - Stress"
"GO:0032292","GO:0032292","peripheral nervous system axon ensheathment",0.0289855072463768,0.00110761136686165,0.00266206547373241,0.0748336896005878,0.0595841793041118,"Fa2h/Pmp22",2,"Up","Control - Stress"
"GO:0000038","GO:0000038","very long-chain fatty acid metabolic process",0.0289855072463768,0.00121144993250493,0.00317869291492762,0.0844044416559504,0.0672046161633073,"Pex2/Acsbg1",2,"Up","Control - Stress"
"GO:0014002","GO:0014002","astrocyte development",0.0289855072463768,0.00134990135336264,0.00393439073410648,0.0982023927232977,0.0781908390104529,"Plp1/Tspan2",2,"Up","Control - Stress"
"GO:0048240","GO:0048240","sperm capacitation",0.0289855072463768,0.00134990135336264,0.00393439073410648,0.0982023927232977,0.0781908390104529,"Pebp1/Septin4",2,"Up","Control - Stress"
"GO:1902003","GO:1902003","regulation of amyloid-beta formation",0.0289855072463768,0.00134990135336264,0.00393439073410648,0.0982023927232977,0.0781908390104529,"Casp3/Clu",2,"Up","Control - Stress"
"GO:1900181","GO:1900181","negative regulation of protein localization to nucleus",0.0289855072463768,0.0015575784846492,0.00520822126614633,0.111227512898016,0.0885617174221723,"Apod/Tmem98",2,"Up","Control - Stress"
"GO:0014044","GO:0014044","Schwann cell development",0.0289855072463768,0.00159219133986363,0.00543660119132933,0.111227512898016,0.0885617174221723,"Fa2h/Pmp22",2,"Up","Control - Stress"
"GO:1902991","GO:1902991","regulation of amyloid precursor protein catabolic process",0.0289855072463768,0.00159219133986363,0.00543660119132933,0.111227512898016,0.0885617174221723,"Casp3/Clu",2,"Up","Control - Stress"
"GO:0007628","GO:0007628","adult walking behavior",0.0289855072463768,0.00162680419507805,0.00566951396604334,0.114121829510034,0.0908662340228338,"Klhl1/Pmp22",2,"Up","Control - Stress"
"GO:0034205","GO:0034205","amyloid-beta formation",0.0289855072463768,0.00169602990550691,0.00614884890702219,0.119902553686933,0.0954689698721866,"Casp3/Clu",2,"Up","Control - Stress"
"GO:1905521","GO:1905521","regulation of macrophage migration",0.0289855072463768,0.00169602990550691,0.00614884890702219,0.119902553686933,0.0954689698721866,"Rarres2/Cd9",2,"Up","Control - Stress"
"GO:1902041","GO:1902041","regulation of extrinsic apoptotic signaling pathway via death domain receptors",0.0289855072463768,0.00176525561593576,0.00664604855360871,0.124823377410696,0.0993870346454937,"Tmbim1/Mal",2,"Up","Control - Stress"
"GO:0014037","GO:0014037","Schwann cell differentiation",0.0289855072463768,0.00179986847115019,0.00690129250107215,0.124823377410696,0.0993870346454937,"Fa2h/Pmp22",2,"Up","Control - Stress"
"GO:0034605","GO:0034605","cellular response to heat",0.0289855072463768,0.00179986847115019,0.00690129250107215,0.124823377410696,0.0993870346454937,"Ier5/Pmp22",2,"Up","Control - Stress"
"GO:0090659","GO:0090659","walking behavior",0.0289855072463768,0.00183448132636461,0.00716093661082123,0.127669269861499,0.10165299489647,"Klhl1/Pmp22",2,"Up","Control - Stress"
"GO:0050435","GO:0050435","amyloid-beta metabolic process",0.0289855072463768,0.00197293274722232,0.00824307893460281,0.142880034866449,0.113764130325513,"Casp3/Clu",2,"Up","Control - Stress"
"GO:0048713","GO:0048713","regulation of oligodendrocyte differentiation",0.0289855072463768,0.00204215845765117,0.00880998674623121,0.146598836584688,0.116725119547862,"Tmem98/Opalin",2,"Up","Control - Stress"
"GO:0001974","GO:0001974","blood vessel remodeling",0.0289855072463768,0.00211138416808002,0.00939389004377959,0.148446286320082,0.118196098419498,"Tmbim1/Mdm2",2,"Up","Control - Stress"
"GO:0042987","GO:0042987","amyloid precursor protein catabolic process",0.0289855072463768,0.00211138416808002,0.00939389004377959,0.148446286320082,0.118196098419498,"Casp3/Clu",2,"Up","Control - Stress"
"GO:0072527","GO:0072527","pyrimidine-containing compound metabolic process",0.0289855072463768,0.00211138416808002,0.00939389004377959,0.148446286320082,0.118196098419498,"Dut/Aldh6a1",2,"Up","Control - Stress"
"GO:0031641","GO:0031641","regulation of myelination",0.0289855072463768,0.00218060987850888,0.00999461862281455,0.153991161003365,0.122611045873125,"Tmem98/S100b",2,"Up","Control - Stress"
"GO:0051893","GO:0051893","regulation of focal adhesion assembly",0.0289855072463768,0.0022152227337233,0.0103012395312389,0.154890926927545,0.123327458687249,"Apod/Sdc4",2,"Up","Control - Stress"
"GO:0090109","GO:0090109","regulation of cell-substrate junction assembly",0.0289855072463768,0.0022152227337233,0.0103012395312389,0.154890926927545,0.123327458687249,"Apod/Sdc4",2,"Up","Control - Stress"
"GO:0050873","GO:0050873","brown fat cell differentiation",0.0289855072463768,0.00224983558893773,0.0106120034749195,0.156212949828518,0.124380081509886,"Aldh6a1/Rarres2",2,"Up","Control - Stress"
"GO:0030193","GO:0030193","regulation of blood coagulation",0.0289855072463768,0.00228444844415216,0.0109268895134894,0.156212949828518,0.124380081509886,"Cd9/St3gal4",2,"Up","Control - Stress"
"GO:1905517","GO:1905517","macrophage migration",0.0289855072463768,0.00231906129936658,0.0112458767804263,0.156212949828518,0.124380081509886,"Rarres2/Cd9",2,"Up","Control - Stress"
"GO:0009247","GO:0009247","glycolipid biosynthetic process",0.0289855072463768,0.00235367415458101,0.0115689444828279,0.156212949828518,0.124380081509886,"Fa2h/St3gal4",2,"Up","Control - Stress"
"GO:1900046","GO:1900046","regulation of hemostasis",0.0289855072463768,0.00235367415458101,0.0115689444828279,0.156212949828518,0.124380081509886,"Cd9/St3gal4",2,"Up","Control - Stress"
"GO:2000134","GO:2000134","negative regulation of G1/S transition of mitotic cell cycle",0.0289855072463768,0.00235367415458101,0.0115689444828279,0.156212949828518,0.124380081509886,"Gjc2/Mdm2",2,"Up","Control - Stress"
"GO:0070613","GO:0070613","regulation of protein processing",0.0289855072463768,0.00238828700979544,0.0118960719011871,0.156212949828518,0.124380081509886,"Tmem98/Mdm2",2,"Up","Control - Stress"
"GO:0150116","GO:0150116","regulation of cell-substrate junction organization",0.0289855072463768,0.00238828700979544,0.0118960719011871,0.156212949828518,0.124380081509886,"Apod/Sdc4",2,"Up","Control - Stress"
"GO:0008347","GO:0008347","glial cell migration",0.0289855072463768,0.00245751272022429,0.0125624233733866,0.158602256294588,0.126282498264247,"Pmp22/Cd9",2,"Up","Control - Stress"
"GO:0050818","GO:0050818","regulation of coagulation",0.0289855072463768,0.00245751272022429,0.0125624233733866,0.158602256294588,0.126282498264247,"Cd9/St3gal4",2,"Up","Control - Stress"
"GO:1903317","GO:1903317","regulation of protein maturation",0.0289855072463768,0.00252673843065314,0.0132447669003951,0.163658109818744,0.130308076643804,"Tmem98/Mdm2",2,"Up","Control - Stress"
"GO:0042391","GO:0042391","regulation of membrane potential",0.156862745098039,0.0169949119102835,2.20472421769585e-06,0.000301404236023903,0.00019912815297524,"Cnr1/Grin2b/Dbn1/Gria1/Slc8a1/Stx1a/Dgki/Hcrt",8,"Down","Control - Stress"
"GO:0007416","GO:0007416","synapse assembly",0.137254901960784,0.00768405385760271,1.25000384818695e-07,5.33751643175829e-05,3.52632664541162e-05,"Lrrn3/Pdlim5/Gria1/Pcdh17/Epha7/Nrxn3/Lingo2",7,"Down","Control - Stress"
"GO:0050807","GO:0050807","regulation of synapse organization",0.137254901960784,0.0106953722612578,1.15719080006665e-06,0.000211765916412196,0.00013990697793287,"Lrrn3/Pdlim5/Grin2b/Dbn1/Epha7/Lingo2/Epha4",7,"Down","Control - Stress"
"GO:0050803","GO:0050803","regulation of synapse structure or activity",0.137254901960784,0.0109722751029732,1.37157497549669e-06,0.000219623442951407,0.000145098194776228,"Lrrn3/Pdlim5/Grin2b/Dbn1/Epha7/Lingo2/Epha4",7,"Down","Control - Stress"
"GO:00343291","GO:0034329","cell junction assembly",0.137254901960784,0.0166487833581392,2.08658885718292e-05,0.00111371680252138,0.000735797123322398,"Lrrn3/Pdlim5/Gria1/Pcdh17/Epha7/Nrxn3/Lingo2",7,"Down","Control - Stress"
"GO:0099565","GO:0099565","chemical synaptic transmission, postsynaptic",0.117647058823529,0.00404970406008792,6.01548740636629e-08,5.33751643175829e-05,3.52632664541162e-05,"Grin2b/Dbn1/Gria1/Stx1a/Dgki/Hcrt",6,"Down","Control - Stress"
"GO:0060078","GO:0060078","regulation of postsynaptic membrane potential",0.117647058823529,0.00449967117787546,1.12722162331502e-07,5.33751643175829e-05,3.52632664541162e-05,"Grin2b/Dbn1/Gria1/Stx1a/Dgki/Hcrt",6,"Down","Control - Stress"
"GO:0007269","GO:0007269","neurotransmitter secretion",0.117647058823529,0.00602263680731023,6.29646861596659e-07,0.000153783170888718,0.000101599629725568,"Syt1/Nrxn3/Stx1a/Cadps2/Dgki/Hcrt",6,"Down","Control - Stress"
"GO:0099643","GO:0099643","signal release from synapse",0.117647058823529,0.00602263680731023,6.29646861596659e-07,0.000153783170888718,0.000101599629725568,"Syt1/Nrxn3/Stx1a/Cadps2/Dgki/Hcrt",6,"Down","Control - Stress"
"GO:0001505","GO:0001505","regulation of neurotransmitter levels",0.117647058823529,0.00761482814717386,2.4638507326155e-06,0.000301404236023903,0.00019912815297524,"Syt1/Nrxn3/Stx1a/Cadps2/Dgki/Hcrt",6,"Down","Control - Stress"
"GO:0006836","GO:0006836","neurotransmitter transport",0.117647058823529,0.00796095669931813,3.1838251661925e-06,0.000322290609871419,0.000212927113140738,"Syt1/Nrxn3/Stx1a/Cadps2/Dgki/Hcrt",6,"Down","Control - Stress"
"GO:0099173","GO:0099173","postsynapse organization",0.117647058823529,0.00872243951403551,5.37929808628549e-06,0.000430680053033232,0.000284536556669311,"Pdlim5/Grin2b/Dbn1/Epha7/Nrxn3/Epha4",6,"Down","Control - Stress"
"GO:0048588","GO:0048588","developmental cell growth",0.117647058823529,0.0100723408673982,1.22054388100033e-05,0.0007106894143461,0.000469529799198212,"Dscam/Syt1/Pdlim5/Dbn1/Epha7/Syt3",6,"Down","Control - Stress"
"GO:0007611","GO:0007611","learning or memory",0.117647058823529,0.0114568550759752,2.52163310269933e-05,0.00124238923252225,0.000820806888489984,"Sorcs3/Cnr1/Grin2b/Gria1/Nrxn3/Dgki",6,"Down","Control - Stress"
"GO:00508901","GO:0050890","cognition",0.117647058823529,0.0128413692845523,4.76303070149203e-05,0.0020338141095371,0.00134367602947354,"Sorcs3/Cnr1/Grin2b/Gria1/Nrxn3/Dgki",6,"Down","Control - Stress"
"GO:0048167","GO:0048167","regulation of synaptic plasticity",0.117647058823529,0.0136028520992697,6.54964967035056e-05,0.00239717177934831,0.00158373483758251,"Sorcs3/Grin2b/Dbn1/Gria1/Dgki/Epha4",6,"Down","Control - Stress"
"GO:0001558","GO:0001558","regulation of cell growth",0.117647058823529,0.0158873005434218,0.000153051364436591,0.00455950692658775,0.00301232061216693,"Eaf2/Dscam/Syt1/Dbn1/Epha7/Syt3",6,"Down","Control - Stress"
"GO:0060079","GO:0060079","excitatory postsynaptic potential",0.0980392156862745,0.00328822124537053,7.20295882382755e-07,0.000153783170888718,0.000101599629725568,"Grin2b/Dbn1/Stx1a/Dgki/Hcrt",5,"Down","Control - Stress"
"GO:0051952","GO:0051952","regulation of amine transport",0.0980392156862745,0.00425738119137448,2.588170645014e-06,0.000301404236023903,0.00019912815297524,"Cnr1/Syt1/Grin2b/Syt3/Stx1a",5,"Down","Control - Stress"
"GO:0035249","GO:0035249","synaptic transmission, glutamatergic",0.0980392156862745,0.00446505832266104,3.27070876528372e-06,0.000322290609871419,0.000212927113140738,"Cnr1/Syt1/Grin2b/Gria1/Dgki",5,"Down","Control - Stress"
"GO:0015837","GO:0015837","amine transport",0.0980392156862745,0.00460350974351874,3.79912557037481e-06,0.000347619989689295,0.000229661425457244,"Cnr1/Syt1/Grin2b/Syt3/Stx1a",5,"Down","Control - Stress"
"GO:0099175","GO:0099175","regulation of postsynapse organization",0.0980392156862745,0.0048111868748053,4.7150329006724e-06,0.000402663809717423,0.000266027119448464,"Pdlim5/Grin2b/Dbn1/Epha7/Epha4",5,"Down","Control - Stress"
"GO:0007626","GO:0007626","locomotory behavior",0.0980392156862745,0.00944930947353847,0.000119587757569358,0.00382979793615868,0.00253022518646747,"Dscam/Dbn1/Vps13a/Gad1/Epha4",5,"Down","Control - Stress"
"GO:0060560","GO:0060560","developmental growth involved in morphogenesis",0.0980392156862745,0.0101069537226126,0.000163646905597604,0.00465848191267845,0.00307771022457248,"Dscam/Syt1/Dbn1/Epha7/Syt3",5,"Down","Control - Stress"
"GO:0015850","GO:0015850","organic hydroxy compound transport",0.0980392156862745,0.0110068879581877,0.000242890154253019,0.00555611227853781,0.0036707459402148,"Cnr1/Syt1/Gramd1a/Syt3/Stx1a",5,"Down","Control - Stress"
"GO:1902074","GO:1902074","response to salt",0.0980392156862745,0.0118722093385483,0.000343860085436305,0.0069713978698068,0.00460577993124176,"Lypd1/Cnr1/Syt1/Slc8a1/Syt3",5,"Down","Control - Stress"
"GO:0050806","GO:0050806","positive regulation of synaptic transmission",0.0980392156862745,0.0120452736146205,0.000367382054354567,0.0069713978698068,0.00460577993124176,"Syt1/Grin2b/Gria1/Stx1a/Epha4",5,"Down","Control - Stress"
"GO:0051962","GO:0051962","positive regulation of nervous system development",0.0980392156862745,0.0135336263888408,0.000623433192269696,0.0100598640737949,0.00664623091772969,"Dscam/Lrrn3/Dbn1/Lingo2/Epha4",5,"Down","Control - Stress"
"GO:0048638","GO:0048638","regulation of developmental growth",0.0980392156862745,0.0140182063618428,0.00073034779249932,0.0111378038356146,0.00735839129285029,"Dscam/Syt1/Dbn1/Epha7/Syt3",5,"Down","Control - Stress"
"GO:0050433","GO:0050433","regulation of catecholamine secretion",0.0784313725490196,0.00238828700979544,6.8398371793437e-06,0.000515401848631722,0.000340509541312219,"Cnr1/Syt1/Syt3/Stx1a",4,"Down","Control - Stress"
"GO:0050805","GO:0050805","negative regulation of synaptic transmission",0.0784313725490196,0.002595964141082,9.54178062883871e-06,0.000643316893975915,0.000425018926625281,"Sorcs3/Gria1/Pcdh17/Dgki",4,"Down","Control - Stress"
"GO:0017156","GO:0017156","calcium-ion regulated exocytosis",0.0784313725490196,0.00266518985151085,1.05961768811697e-05,0.000678685129238922,0.000448385590129499,"Syt1/Syt3/Stx1a/Cadps2",4,"Down","Control - Stress"
"GO:0050432","GO:0050432","catecholamine secretion",0.0784313725490196,0.0027344155619397,1.17340729040954e-05,0.0007106894143461,0.000469529799198212,"Cnr1/Syt1/Syt3/Stx1a",4,"Down","Control - Stress"
"GO:0051966","GO:0051966","regulation of synaptic transmission, glutamatergic",0.0784313725490196,0.00304593125886954,1.79995545126572e-05,0.00100249692742234,0.000662317703806701,"Cnr1/Syt1/Grin2b/Dgki",4,"Down","Control - Stress"
"GO:0051937","GO:0051937","catecholamine transport",0.0784313725490196,0.00335744695579938,2.64336914007228e-05,0.00125413180312318,0.000828564829870609,"Cnr1/Syt1/Syt3/Stx1a",4,"Down","Control - Stress"
"GO:0097061","GO:0097061","dendritic spine organization",0.0784313725490196,0.00373818836315808,4.03051045327881e-05,0.00184395853237505,0.00121824451294592,"Pdlim5/Grin2b/Dbn1/Epha4",4,"Down","Control - Stress"
"GO:0015844","GO:0015844","monoamine transport",0.0784313725490196,0.00404970406008792,5.51096487990268e-05,0.0021464019920059,0.00141805924776921,"Cnr1/Syt1/Syt3/Stx1a",4,"Down","Control - Stress"
"GO:0106027","GO:0106027","neuron projection organization",0.0784313725490196,0.00408431691530234,5.69692956504298e-05,0.0021464019920059,0.00141805924776921,"Pdlim5/Grin2b/Dbn1/Epha4",4,"Down","Control - Stress"
"GO:0007631","GO:0007631","feeding behavior",0.0784313725490196,0.00463812259873317,9.33679423635668e-05,0.00314640114808036,0.00207872675381619,"Gls/Cnr1/Grin2b/Hcrt",4,"Down","Control - Stress"
"GO:0051963","GO:0051963","regulation of synapse assembly",0.0784313725490196,0.00498425115087744,0.000123300842499939,0.00385239949371761,0.0025451573137343,"Lrrn3/Pdlim5/Epha7/Lingo2",4,"Down","Control - Stress"
"GO:0007613","GO:0007613","memory",0.0784313725490196,0.00567650825516597,0.000203172595558514,0.00531151214102972,0.00350914644101064,"Sorcs3/Cnr1/Grin2b/Gria1",4,"Down","Control - Stress"
"GO:0031644","GO:0031644","regulation of nervous system process",0.0784313725490196,0.00578034682080925,0.000217748719552495,0.00546933548523033,0.00361341528421479,"Grin2b/Dbn1/Stx1a/Hcrt",4,"Down","Control - Stress"
"GO:0048284","GO:0048284","organelle fusion",0.0784313725490196,0.00591879824166695,0.000238337183916897,0.00555108968359172,0.00366742767213751,"Huwe1/Syt1/Syt3/Stx1a",4,"Down","Control - Stress"
"GO:0061025","GO:0061025","membrane fusion",0.0784313725490196,0.00591879824166695,0.000238337183916897,0.00555108968359172,0.00366742767213751,"Huwe1/Syt1/Syt3/Stx1a",4,"Down","Control - Stress"
"GO:0050770","GO:0050770","regulation of axonogenesis",0.0784313725490196,0.00643799106988335,0.000328140589837984,0.00687310953232599,0.0045408439656437,"Dscam/Dbn1/Epha7/Epha4",4,"Down","Control - Stress"
"GO:0007612","GO:0007612","learning",0.0784313725490196,0.00664566820116991,0.00037006639746047,0.0069713978698068,0.00460577993124176,"Sorcs3/Grin2b/Nrxn3/Dgki",4,"Down","Control - Stress"
"GO:0048813","GO:0048813","dendrite morphogenesis",0.0784313725490196,0.00664566820116991,0.00037006639746047,0.0069713978698068,0.00460577993124176,"Dscam/Pdlim5/Dbn1/Epha4",4,"Down","Control - Stress"
"GO:0030307","GO:0030307","positive regulation of cell growth",0.0784313725490196,0.00726869959502959,0.00051880289572063,0.00874455933444905,0.00577725108253999,"Dscam/Syt1/Dbn1/Syt3",4,"Down","Control - Stress"
"GO:1990138","GO:1990138","neuron projection extension",0.0784313725490196,0.00730331245024402,0.000528143668290184,0.00878639011791852,0.0058048873452537,"Dscam/Syt1/Dbn1/Syt3",4,"Down","Control - Stress"
"GO:0048639","GO:0048639","positive regulation of developmental growth",0.0784313725490196,0.00764944100238829,0.000628250683765493,0.0100598640737949,0.00664623091772969,"Dscam/Syt1/Dbn1/Syt3",4,"Down","Control - Stress"
"GO:0017157","GO:0017157","regulation of exocytosis",0.0784313725490196,0.00782250527846042,0.000683046448996847,0.0106705183068898,0.00704967066743857,"Syt1/Syt3/Stx1a/Cadps2",4,"Down","Control - Stress"
"GO:0099504","GO:0099504","synaptic vesicle cycle",0.0784313725490196,0.00796095669931813,0.000729259214363332,0.0111378038356146,0.00735839129285029,"Syt1/Pcdh17/Stx1a/Cadps2",4,"Down","Control - Stress"
"GO:00160541","GO:0016054","organic acid catabolic process",0.0784313725490196,0.00834169810667682,0.000867718997673724,0.0122148135826378,0.00806993723689617,"Gls/Cnr1/Gad2/Gad1",4,"Down","Control - Stress"
"GO:00463951","GO:0046395","carboxylic acid catabolic process",0.0784313725490196,0.00834169810667682,0.000867718997673724,0.0122148135826378,0.00806993723689617,"Gls/Cnr1/Gad2/Gad1",4,"Down","Control - Stress"
"GO:1901888","GO:1901888","regulation of cell junction assembly",0.0784313725490196,0.00851476238274895,0.000936405547363264,0.01276101602311,0.00843079574557743,"Lrrn3/Pdlim5/Epha7/Lingo2",4,"Down","Control - Stress"
"GO:0007411","GO:0007411","axon guidance",0.0784313725490196,0.00872243951403551,0.00102378732504822,0.0135203253957398,0.00893244719846735,"Dscam/Epha7/Unc5d/Epha4",4,"Down","Control - Stress"
"GO:0097485","GO:0097485","neuron projection guidance",0.0784313725490196,0.00872243951403551,0.00102378732504822,0.0135203253957398,0.00893244719846735,"Dscam/Epha7/Unc5d/Epha4",4,"Down","Control - Stress"
"GO:0009065","GO:0009065","glutamine family amino acid catabolic process",0.0588235294117647,0.000796095669931813,8.95131609073107e-06,0.000637035328457028,0.000420868896897531,"Gls/Gad2/Gad1",3,"Down","Control - Stress"
"GO:0006536","GO:0006536","glutamate metabolic process",0.0588235294117647,0.00107299851164723,2.24942390074677e-05,0.00115260480674264,0.00076148918576859,"Gls/Gad2/Gad1",3,"Down","Control - Stress"
"GO:0060292","GO:0060292","long-term synaptic depression",0.0588235294117647,0.00134990135336264,4.52809489245086e-05,0.00200016881283778,0.0013214476564539,"Sorcs3/Gria1/Dgki",3,"Down","Control - Stress"
"GO:2000463","GO:2000463","positive regulation of excitatory postsynaptic potential",0.0588235294117647,0.00141912706379149,5.26857493950804e-05,0.0021464019920059,0.00141805924776921,"Grin2b/Dbn1/Stx1a",3,"Down","Control - Stress"
"GO:0014059","GO:0014059","regulation of dopamine secretion",0.0588235294117647,0.00145373991900592,5.66679430399138e-05,0.0021464019920059,0.00141805924776921,"Cnr1/Syt1/Syt3",3,"Down","Control - Stress"
"GO:0008038","GO:0008038","neuron recognition",0.0588235294117647,0.00162680419507805,7.95446532683254e-05,0.00283046391213124,0.00186999711192204,"Dscam/Cnr1/Epha4",3,"Down","Control - Stress"
"GO:0014046","GO:0014046","dopamine secretion",0.0588235294117647,0.00166141705029248,8.47421552183798e-05,0.00293391083337147,0.00193834118906337,"Cnr1/Syt1/Syt3",3,"Down","Control - Stress"
"GO:0017158","GO:0017158","regulation of calcium ion-dependent exocytosis",0.0588235294117647,0.00173064276072133,9.57920724239921e-05,0.00314640114808036,0.00207872675381619,"Syt1/Syt3/Stx1a",3,"Down","Control - Stress"
"GO:0051954","GO:0051954","positive regulation of amine transport",0.0588235294117647,0.00193831989200789,0.000134470331014997,0.00410134509595739,0.0027096277227082,"Syt1/Grin2b/Stx1a",3,"Down","Control - Stress"
"GO:0061001","GO:0061001","regulation of dendritic spine morphogenesis",0.0588235294117647,0.00204215845765117,0.000157114819923938,0.00457418373460373,0.0030220171104987,"Pdlim5/Dbn1/Epha4",3,"Down","Control - Stress"
"GO:0098815","GO:0098815","modulation of excitatory postsynaptic potential",0.0588235294117647,0.00218060987850888,0.000190970019026978,0.00531151214102972,0.00350914644101064,"Grin2b/Dbn1/Stx1a",3,"Down","Control - Stress"
"GO:0035176","GO:0035176","social behavior",0.0588235294117647,0.0022152227337233,0.000200113143741818,0.00531151214102972,0.00350914644101064,"Vps13a/Nrxn3/Gad1",3,"Down","Control - Stress"
"GO:0015872","GO:0015872","dopamine transport",0.0588235294117647,0.00224983558893773,0.000209535492589715,0.00536829932014851,0.00354666391667645,"Cnr1/Syt1/Syt3",3,"Down","Control - Stress"
"GO:0008652","GO:0008652","amino acid biosynthetic process",0.0588235294117647,0.00231906129936658,0.000229232682593214,0.00554051068682844,0.00366043846683107,"Gls/Gad2/Gad1",3,"Down","Control - Stress"
"GO:0051703","GO:0051703","biological process involved in intraspecies interaction between organisms",0.0588235294117647,0.00231906129936658,0.000229232682593214,0.00554051068682844,0.00366043846683107,"Vps13a/Nrxn3/Gad1",3,"Down","Control - Stress"
"GO:0009064","GO:0009064","glutamine family amino acid metabolic process",0.0588235294117647,0.00238828700979544,0.000250091019770021,0.00562046660219994,0.00371326278661305,"Gls/Gad2/Gad1",3,"Down","Control - Stress"
"GO:0060997","GO:0060997","dendritic spine morphogenesis",0.0588235294117647,0.00263057699629642,0.000332656355194544,0.00687310953232599,0.0045408439656437,"Pdlim5/Dbn1/Epha4",3,"Down","Control - Stress"
"GO:1901606","GO:1901606","alpha-amino acid catabolic process",0.0588235294117647,0.00269980270672528,0.000359095185534621,0.0069713978698068,0.00460577993124176,"Gls/Gad2/Gad1",3,"Down","Control - Stress"
"GO:0043648","GO:0043648","dicarboxylic acid metabolic process",0.0588235294117647,0.0032536083901561,0.000620276218304038,0.0100598640737949,0.00664623091772969,"Gls/Gad2/Gad1",3,"Down","Control - Stress"
"GO:0009063","GO:0009063","amino acid catabolic process",0.0588235294117647,0.00335744695579938,0.000679730792592744,0.0106705183068898,0.00704967066743857,"Gls/Gad2/Gad1",3,"Down","Control - Stress"
"GO:0045921","GO:0045921","positive regulation of exocytosis",0.0588235294117647,0.00356512408708594,0.000809278013622273,0.0119731598988265,0.00791028436555038,"Syt1/Stx1a/Cadps2",3,"Down","Control - Stress"
"GO:0140029","GO:0140029","exocytic process",0.0588235294117647,0.00359973694230037,0.000832283436845439,0.0119792705910001,0.00791432150471595,"Syt1/Stx1a/Cadps2",3,"Down","Control - Stress"
"GO:0046928","GO:0046928","regulation of neurotransmitter secretion",0.0588235294117647,0.00366896265272922,0.000879533133643517,0.0122465428717103,0.00809089976486714,"Syt1/Stx1a/Hcrt",3,"Down","Control - Stress"
"GO:0050795","GO:0050795","regulation of behavior",0.0588235294117647,0.00373818836315808,0.000928454044191984,0.01276101602311,0.00843079574557743,"Cnr1/Dbn1/Hdac4",3,"Down","Control - Stress"
"GO:0016079","GO:0016079","synaptic vesicle exocytosis",0.0588235294117647,0.00398047834965906,0.00111316809657903,0.0142230492170043,0.00939671438470884,"Syt1/Stx1a/Cadps2",3,"Down","Control - Stress"
"GO:0042136","GO:0042136","neurotransmitter biosynthetic process",0.0392156862745098,0.00041535426257312,0.000199371433361412,0.00531151214102972,0.00350914644101064,"Gad2/Gad1",2,"Down","Control - Stress"
"GO:0010882","GO:0010882","regulation of cardiac muscle contraction by calcium ion signaling",0.0392156862745098,0.000484579973001973,0.000274270348148383,0.00595492060979794,0.00393422586817662,"Slc8a1/Hdac4",2,"Down","Control - Stress"
"GO:0072178","GO:0072178","nephric duct morphogenesis",0.0392156862745098,0.000484579973001973,0.000274270348148383,0.00595492060979794,0.00393422586817662,"Epha7/Epha4",2,"Down","Control - Stress"
"GO:0072176","GO:0072176","nephric duct development",0.0392156862745098,0.0005191928282164,0.000316108435292313,0.00674891509349088,0.00445879266622841,"Epha7/Epha4",2,"Down","Control - Stress"
"GO:0043649","GO:0043649","dicarboxylic acid catabolic process",0.0392156862745098,0.000553805683430826,0.000360858890617227,0.0069713978698068,0.00460577993124176,"Gad2/Gad1",2,"Down","Control - Stress"
"GO:0001967","GO:0001967","suckling behavior",0.0392156862745098,0.000623031393859679,0.000459056901518246,0.00852249117166482,0.00563053773944576,"Gls/Grin2b",2,"Down","Control - Stress"
"GO:0010644","GO:0010644","cell communication by electrical coupling",0.0392156862745098,0.000657644249074106,0.000512484517534995,0.00874455933444905,0.00577725108253999,"Dbn1/Slc8a1",2,"Down","Control - Stress"
"GO:0031340","GO:0031340","positive regulation of vesicle fusion",0.0392156862745098,0.000657644249074106,0.000512484517534995,0.00874455933444905,0.00577725108253999,"Syt1/Syt3",2,"Down","Control - Stress"
"GO:0033605","GO:0033605","positive regulation of catecholamine secretion",0.0392156862745098,0.000657644249074106,0.000512484517534995,0.00874455933444905,0.00577725108253999,"Syt1/Stx1a",2,"Down","Control - Stress"
"GO:0035235","GO:0035235","ionotropic glutamate receptor signaling pathway",0.0392156862745098,0.000657644249074106,0.000512484517534995,0.00874455933444905,0.00577725108253999,"Cpeb4/Grin2b",2,"Down","Control - Stress"
"GO:0045956","GO:0045956","positive regulation of calcium ion-dependent exocytosis",0.0392156862745098,0.000657644249074106,0.000512484517534995,0.00874455933444905,0.00577725108253999,"Syt1/Stx1a",2,"Down","Control - Stress"
"GO:1900452","GO:1900452","regulation of long-term synaptic depression",0.0392156862745098,0.000657644249074106,0.000512484517534995,0.00874455933444905,0.00577725108253999,"Sorcs3/Dgki",2,"Down","Control - Stress"
"GO:0001956","GO:0001956","positive regulation of neurotransmitter secretion",0.0392156862745098,0.000830708525146239,0.0008225121554229,0.0119731598988265,0.00791028436555038,"Syt1/Stx1a",2,"Down","Control - Stress"
"GO:0007413","GO:0007413","axonal fasciculation",0.0392156862745098,0.000830708525146239,0.0008225121554229,0.0119731598988265,0.00791028436555038,"Cnr1/Epha4",2,"Down","Control - Stress"
"GO:0106030","GO:0106030","neuron projection fasciculation",0.0392156862745098,0.000830708525146239,0.0008225121554229,0.0119731598988265,0.00791028436555038,"Cnr1/Epha4",2,"Down","Control - Stress"
"GO:0007205","GO:0007205","protein kinase C-activating G protein-coupled receptor signaling pathway",0.0392156862745098,0.000899934235575093,0.000966354439534223,0.0130305267057194,0.0086088528463769,"Dgki/Hcrt",2,"Down","Control - Stress"
"GO:0016082","GO:0016082","synaptic vesicle priming",0.0392156862745098,0.000934547090789519,0.00104248594612633,0.0136267805815084,0.00900277873990942,"Stx1a/Cadps2",2,"Down","Control - Stress"
"GO:0042133","GO:0042133","neurotransmitter metabolic process",0.0392156862745098,0.000969159946003946,0.0011214113746428,0.0142230492170043,0.00939671438470884,"Gad2/Gad1",2,"Down","Control - Stress"
